"","plate","well","position","nuc.ac.nr","dnaconcngpmicl","absratio","TissCode","extractby"
"1",1,"A1",1,262,-41,1.6429,"MW","JXD"
"2",1,"B1",2,465,-21,-4.75,"MW","JAJ"
"3",1,"C1",3,884,-3,-1.2647,"WB","JXD"
"4",1,"D1",4,617,0,1.4444,"MW","JXD"
"5",1,"E1",5,1223,1,-10.19,"WB","EAP"
"6",1,"F1",6,654,1,1.127,"MW","EAP"
"7",1,"G1",7,320,1,1.5,"WB","JAJ"
"8",1,"H1",8,421,1,0.83,"WB","JAJ"
"9",1,"A2",9,606,2,1.1739,"MW","JXD"
"10",1,"B2",10,278,2,0.7968,"MW","JAJ"
"11",1,"C2",11,471,2,1.34,"WB","JAJ"
"12",1,"D2",12,529,2,0.88,"WB","JAJ"
"13",1,"E2",13,183,2,2.5,"WB","JAJ"
"14",1,"F2",14,1791,3,1.62,"WB","EAP"
"15",1,"G2",15,750,3,0.8717,"MW","JXD"
"16",1,"H2",16,321,3,1.5455,"MW","JAJ"
"17",1,"A3",17,815,3,1.2745,"MW","JXD"
"18",1,"B3",18,325,3,11,"MW","JAJ"
"19",1,"C3",19,827,3,1.9063,"MW","JXD"
"20",1,"D3",20,834,3,1.3483,"MW","JXD"
"21",1,"E3",21,1097,3,1.4706,"WB","JXD"
"22",1,"F3",22,1771,3,2.49,"WB","EAP"
"23",1,"G3",23,387,3,1.093,"MW","JAJ"
"24",1,"H3",24,701,3,3.6667,"WB","EAP"
"25",1,"A4",25,1061,3,1.3182,"BUC","JXD"
"26",1,"B4",26,619,3,1.2426,"MW","JXD"
"27",1,"C4",27,508,3,1.8182,"WB","JAJ"
"28",1,"D4",28,832,4,1.3486,"MW","JXD"
"29",1,"E4",29,637,4,1.1518,"MW","JXD"
"30",1,"F4",30,532,4,1.24,"WB","JAJ"
"31",1,"G4",31,407,4,1.3636,"MW","JAJ"
"32",1,"H4",32,618,4,1.8235,"MW","JXD"
"33",1,"A5",33,376,4,1.45,"MW","JAJ"
"34",1,"B5",34,1358,4,1.36,"MW","EAP"
"35",1,"C5",35,499,4,2.125,"WB","JAJ"
"36",1,"D5",36,1690,4,1.64,"WB","EAP"
"37",1,"E5",37,482,5,1.1633,"MW","JAJ"
"38",1,"F5",38,647,5,1.329,"MW","JXD"
"39",1,"G5",39,1263,5,1.97,"WB","EAP"
"40",1,"H5",40,419,5,1.3548,"MW","JAJ"
"41",1,"A6",41,579,5,1.7826,"MW","EAP"
"42",1,"B6",42,1270,5,1.98,"WB","EAP"
"43",1,"C6",43,401,5,1.2973,"MW","JAJ"
"44",1,"D6",44,318,5,2.3333,"WB","JAJ"
"45",1,"E6",45,420,5,1.2895,"MW","JAJ"
"46",1,"F6",46,398,6,1.2292,"MW","JAJ"
"47",1,"G6",47,666,6,2.1923,"MW","JXD"
"48",1,"H6",48,415,6,1.52,"MW","JAJ"
"49",1,"A7",49,290,6,1.31,"MW","JAJ"
"50",1,"B7",50,412,6,1.4194,"MW","JAJ"
"51",1,"C7",51,663,6,1.9524,"MW","EAP"
"52",1,"D7",52,1171,6,2.63,"MW","EAP"
"53",1,"E7",53,333,6,1.3421,"MW","JAJ"
"54",1,"F7",54,1377,6,2.84,"WB","EAP"
"55",1,"G7",55,403,6,1.24,"MW","JAJ"
"56",1,"H7",56,736,6,1.6442,"MW","JXD"
"57",1,"A8",57,0,NA,NA,NA,NA
"58",1,"B8",58,1566,6,1.29,"WB","EAP"
"59",1,"C8",59,616,6,1.3859,"MW","JXD"
"60",1,"D8",60,531,7,1.52,"WB","JAJ"
"61",1,"E8",61,835,7,1.6,"MW","JXD"
"62",1,"F8",62,733,7,1.3074,"MW","JXD"
"63",1,"G8",63,353,7,2,"MW","JAJ"
"64",1,"H8",64,991,7,1.93,"WB","ALG"
"65",1,"A9",65,1473,7,1.41,"MW","EAP"
"66",1,"B9",66,426,7,1.2222,"MW","JAJ"
"67",1,"C9",67,396,7,1.2727,"MW","JAJ"
"68",1,"D9",68,324,7,1.6957,"MW","JAJ"
"69",1,"E9",69,273,8,1.4595,"MW","JAJ"
"70",1,"F9",70,1277,8,0.93,"WB","EAP"
"71",1,"G9",71,334,8,2,"MW","JAJ"
"72",1,"H9",72,344,8,1.5143,"MW","JAJ"
"73",1,"A10",73,425,8,1.4737,"MW","JAJ"
"74",1,"B10",74,712,9,4.1707,"MW","EAP"
"75",1,"C10",75,1208,9,2.64,"WB","EAP"
"76",1,"D10",76,893,9,1.6763,"MW","JXD"
"77",1,"E10",77,332,9,1.3878,"MW","JAJ"
"78",1,"F10",78,936,9,1.67,"WB","JXD"
"79",1,"G10",79,599,9,1.6783,"WB","JXD"
"80",1,"H10",80,760,9,1.8468,"MW","JXD"
"81",1,"A11",81,388,9,1.625,"MW","JAJ"
"82",1,"B11",82,480,9,1.625,"MW","JAJ"
"83",1,"C11",83,466,9,4.625,"MW","JAJ"
"84",1,"D11",84,203,9,1.75,"WB","JAJ"
"85",1,"E11",85,679,9,1.5988,"MW","EAP"
"86",1,"F11",86,227,10,1.4286,"MW","JAJ"
"87",1,"G11",87,635,10,1.7007,"MW","JXD"
"88",1,"H11",88,1287,10,1.34,"WB","EAP"
"89",1,"A12",89,418,10,1.3684,"MW","JAJ"
"90",1,"B12",90,612,10,1.55,"MW","JXD"
"91",1,"C12",91,605,10,1.5294,"MW","JXD"
"92",1,"D12",92,1475,10,1.52,"MW","EAP"
"93",1,"E12",93,1811,10,2.84,"WB","EAP"
"94",1,"F12",94,1034,10,1.4103,"MW","JXD"
"95",1,"G12",95,414,10,1.2353,"MW","JAJ"
"96",1,"H12",96,788,10,1.91,"WB","JXD"
"97",2,"A1",1,258,11,1.2442,"MW","JAJ"
"98",2,"B1",2,406,11,1.5,"MW","JAJ"
"99",2,"C1",3,402,11,1.4444,"MW","JAJ"
"100",2,"D1",4,343,11,1.3108,"MW","JAJ"
"101",2,"E1",5,300,11,2.2,"MW","JAJ"
"102",2,"F1",6,1044,11,1.6289,"MW","JXD"
"103",2,"G1",7,761,11,1.506,"WB","JXD"
"104",2,"H1",8,537,11,1.3636,"MW","EAP"
"105",2,"A2",9,1158,12,2.05,"WB","EAP"
"106",2,"B2",10,279,12,1.3611,"MW","JAJ"
"107",2,"C2",11,735,12,1.2765,"MW","JXD"
"108",2,"D2",12,395,12,1.4426,"MW","JAJ"
"109",2,"E2",13,200,12,1.9259,"WB","JAJ"
"110",2,"F2",14,540,12,-12,"MW","EAP"
"111",2,"G2",15,1461,12,1.61,"WB","EAP"
"112",2,"H2",16,1933,12,1.36,"MW","EAP"
"113",2,"A3",17,385,12,1.3506,"MW","JAJ"
"114",2,"B3",18,1042,13,1.7627,"MW","JXD"
"115",2,"C3",19,417,13,3.4,"MW","JAJ"
"116",2,"D3",20,524,13,2.04,"MW","JAJ"
"117",2,"E3",21,807,13,1.3366,"MW","JXD"
"118",2,"F3",22,64,13,1.7,"WB","RD"
"119",2,"G3",23,285,13,1.2842,"MW","JAJ"
"120",2,"H3",24,468,13,1.3294,"MW","JAJ"
"121",2,"A4",25,831,13,1.6416,"MW","JXD"
"122",2,"B4",26,442,13,1.8235,"MW","JAJ"
"123",2,"C4",27,397,13,1.27,"MW","JAJ"
"124",2,"D4",28,923,14,1.2028,"MW","JXD"
"125",2,"E4",29,833,14,1.6609,"MW","JXD"
"126",2,"F4",30,221,14,1.59,"MW","JAJ"
"127",2,"G4",31,1942,14,1.97,"WB","EAP"
"128",2,"H4",32,1274,14,2.05,"WB","EAP"
"129",2,"A5",33,1292,14,2.03,"WB","EAP"
"130",2,"B5",34,541,15,1.4669,"MW","EAP"
"131",2,"C5",35,519,15,1.4521,"MW","JAJ"
"132",2,"D5",36,518,15,1.4125,"MW","JAJ"
"133",2,"E5",37,310,15,1.3587,"MW","JAJ"
"134",2,"F5",38,280,15,1.4533,"MW","JAJ"
"135",2,"G5",39,526,15,1.2883,"MW","JAJ"
"136",2,"H5",40,354,15,1.267,"MW","JAJ"
"137",2,"A6",41,590,16,1.7731,"MW","EAP"
"138",2,"B6",42,858,16,1.8098,"MW","JXD"
"139",2,"C6",43,351,16,1.4545,"MW","JAJ"
"140",2,"D6",44,284,16,1.152,"MW","JAJ"
"141",2,"E6",45,335,16,1.3301,"MW","JAJ"
"142",2,"F6",46,569,16,2.3358,"MW","EAP"
"143",2,"G6",47,299,16,1.4286,"MW","JAJ"
"144",2,"H6",48,1285,16,1.7,"WB","EAP"
"145",2,"A7",49,301,17,1.2254,"MW","JAJ"
"146",2,"B7",50,1439,17,1.76,"WB","EAP"
"147",2,"C7",51,224,17,1.3978,"MW","JAJ"
"148",2,"D7",52,1217,17,2.46,"WB","EAP"
"149",2,"E7",53,912,17,1.5251,"MW","JXD"
"150",2,"F7",54,283,17,1.3663,"MW","JAJ"
"151",2,"G7",55,1043,17,1.662,"MW","JXD"
"152",2,"H7",56,305,18,1.4756,"MW","JAJ"
"153",2,"A8",57,728,18,1.63,"MW","JXD"
"154",2,"B8",58,410,18,1.3167,"MW","JAJ"
"155",2,"C8",59,226,18,1.3451,"MW","JAJ"
"156",2,"D8",60,207,18,1.04,"WB","JAJ"
"157",2,"E8",61,443,18,1.5882,"MW","JAJ"
"158",2,"F8",62,394,19,1.2467,"MW","JAJ"
"159",2,"G8",63,434,19,1.3832,"MW","JAJ"
"160",2,"H8",64,879,19,2.9297,"WB","JXD"
"161",2,"A9",65,308,19,1.4565,"MW","JAJ"
"162",2,"B9",66,313,19,1.57,"MW","JAJ"
"163",2,"C9",67,528,19,1.25,"MW","JAJ"
"164",2,"D9",68,336,19,3.04,"WB","JAJ"
"165",2,"E9",69,655,19,1.6887,"MW","EAP"
"166",2,"F9",70,392,19,1.4574,"MW","JAJ"
"167",2,"G9",71,609,19,1.6554,"MW","JXD"
"168",2,"H9",72,87,20,1.7368,"WB","JAJ"
"169",2,"A10",73,386,20,1.5301,"MW","JAJ"
"170",2,"B10",74,292,20,1.6,"MW","JAJ"
"171",2,"C10",75,806,20,1.3756,"MW","JXD"
"172",2,"D10",76,608,20,1.5868,"MW","JXD"
"173",2,"E10",77,1792,20,1.89,"WB","EAP"
"174",2,"F10",78,794,20,1.5316,"MW","JXD"
"175",2,"G10",79,535,21,1.5861,"MW","EAP"
"176",2,"H10",80,467,21,1.4259,"MW","JAJ"
"177",2,"A11",81,373,21,1.7258,"MW","JAJ"
"178",2,"B11",82,729,21,1.7129,"MW","JXD"
"179",2,"C11",83,816,21,1.5164,"MW","JXD"
"180",2,"D11",84,281,22,1.2234,"MW","JAJ"
"181",2,"E11",85,804,22,1.4374,"MW","JXD"
"182",2,"F11",86,934,22,1.6442,"MW","JXD"
"183",2,"G11",87,840,22,1.7413,"WB","JXD"
"184",2,"H11",88,1508,22,1.17,"MW","EAP"
"185",2,"A12",89,223,23,1.4545,"MW","JAJ"
"186",2,"B12",90,814,23,1.5914,"MW","JXD"
"187",2,"C12",91,222,23,1.6,"MW","JAJ"
"188",2,"D12",92,277,23,1.0397,"MW","JAJ"
"189",2,"E12",93,1194,23,1.59,"MW","EAP"
"190",2,"F12",94,0,NA,NA,NA,NA
"191",2,"G12",95,309,24,1.6265,"MW","JAJ"
"192",2,"H12",96,314,24,1.52,"MW","JAJ"
"193",3,"A1",1,892,24,1.5642,"MW","JXD"
"194",3,"B1",2,400,25,1.4,"MW","JAJ"
"195",3,"C1",3,527,25,1.1727,"MW","JAJ"
"196",3,"D1",4,1568,25,1.77,"WB","EAP"
"197",3,"E1",5,1393,26,1.85,"WB","EAP"
"198",3,"F1",6,1146,26,1.76,"MW","EAP"
"199",3,"G1",7,734,26,1.5828,"MW","JXD"
"200",3,"H1",8,1971,26,1.85,"WB","EAP"
"201",3,"A2",9,282,27,1.5463,"MW","JAJ"
"202",3,"B2",10,859,27,1.8681,"MW","JXD"
"203",3,"C2",11,692,28,1.8516,"WB","EAP"
"204",3,"D2",12,822,28,1.7603,"WB","JXD"
"205",3,"E2",13,594,28,1.8584,"MW","EAP"
"206",3,"F2",14,298,28,1.5727,"MW","JAJ"
"207",3,"G2",15,601,29,1.6871,"MW","JXD"
"208",3,"H2",16,326,29,1.0275,"MW","JAJ"
"209",3,"A3",17,620,29,1.8047,"MW","JXD"
"210",3,"B3",18,322,29,1.2154,"MW","JAJ"
"211",3,"C3",19,566,30,1.5927,"MW","EAP"
"212",3,"D3",20,1021,30,1.8,"WB","JXD"
"213",3,"E3",21,1497,30,1.77,"WB","EAP"
"214",3,"F3",22,0,NA,NA,NA,NA
"215",3,"G3",23,105,30,2.4,"WB","JAJ"
"216",3,"H3",24,745,30,1.8311,"WB","JXD"
"217",3,"A4",25,638,30,1.5796,"MW","JXD"
"218",3,"B4",26,727,30,1.5471,"MW","JXD"
"219",3,"C4",27,610,31,1.87,"MW","JXD"
"220",3,"D4",28,215,31,1.3418,"MW","JAJ"
"221",3,"E4",29,275,32,1.4861,"MW","JAJ"
"222",3,"F4",30,303,32,1.5385,"MW","JAJ"
"223",3,"G4",31,1087,32,1.6264,"WB","JXD"
"224",3,"H4",32,234,32,2.2069,"MW","JAJ"
"225",3,"A5",33,306,32,1.2443,"MW","JAJ"
"226",3,"B5",34,602,32,1.8952,"WB","JXD"
"227",3,"C5",35,346,32,1.0696,"MW","JAJ"
"228",3,"D5",36,411,33,1.3165,"MW","JAJ"
"229",3,"E5",37,355,33,1.422,"MW","JAJ"
"230",3,"F5",38,228,33,1.6239,"MW","JAJ"
"231",3,"G5",39,634,33,1.7101,"MW","JXD"
"232",3,"H5",40,236,34,1.8642,"MW","JAJ"
"233",3,"A6",41,225,34,1.6325,"MW","JAJ"
"234",3,"B6",42,1759,34,1.56,"MW","EAP"
"235",3,"C6",43,803,34,1.5234,"MW","JXD"
"236",3,"D6",44,664,34,1.8959,"MW","EAP"
"237",3,"E6",45,352,35,1.6016,"MW","JAJ"
"238",3,"F6",46,212,35,1.75,"MW","JAJ"
"239",3,"G6",47,1507,35,1.72,"WB","EAP"
"240",3,"H6",48,713,35,1.56,"MW","EAP"
"241",3,"A7",49,935,35,1.6284,"MW","JXD"
"242",3,"B7",50,1824,36,1.96,"WB","EAP"
"243",3,"C7",51,828,36,1.7394,"MW","JXD"
"244",3,"D7",52,51,36,2.3,"WB","SLJ"
"245",3,"E7",53,139,36,1.5364,"WB","JAJ"
"246",3,"F7",54,1752,37,1.66,"MW","EAP"
"247",3,"G7",55,393,37,1.266,"MW","JAJ"
"248",3,"H7",56,1693,37,1.36,"MW","EAP"
"249",3,"A8",57,323,37,1.7273,"MW","JAJ"
"250",3,"B8",58,218,37,1.5,"MW","JAJ"
"251",3,"C8",59,607,37,1.5914,"MW","JXD"
"252",3,"D8",60,371,38,1.0942,"MW","JAJ"
"253",3,"E8",61,533,38,1.5705,"MW","EAP"
"254",3,"F8",62,1535,38,1.61,"MW","EAP"
"255",3,"G8",63,512,38,1.4722,"MW","JAJ"
"256",3,"H8",64,291,39,1.31,"MW","JAJ"
"257",3,"A9",65,1821,39,1.78,"MW","EAP"
"258",3,"B9",66,662,39,1.7664,"MW","EAP"
"259",3,"C9",67,613,40,1.6708,"MW","JXD"
"260",3,"D9",68,538,40,1.6611,"MW","EAP"
"261",3,"E9",69,711,40,1.71,"MW","EAP"
"262",3,"F9",70,185,40,1.9535,"WB","JAJ"
"263",3,"G9",71,181,41,1.84,"WB","JAJ"
"264",3,"H9",72,1875,41,2.04,"WB","EAP"
"265",3,"A10",73,1145,41,1.88,"WB","EAP"
"266",3,"B10",74,1082,41,1.78,"WB","JXD"
"267",3,"C10",75,186,41,1.9438,"WB","JAJ"
"268",3,"D10",76,595,41,1.771,"MW","EAP"
"269",3,"E10",77,256,41,1.8286,"MW","JAJ"
"270",3,"F10",78,304,42,1.7317,"MW","JAJ"
"271",3,"G10",79,1760,42,1.61,"MW","EAP"
"272",3,"H10",80,21,42,1.7807,"WB","JXD"
"273",3,"A11",81,408,42,1.5536,"MW","JAJ"
"274",3,"B11",82,584,42,1.5926,"MW","EAP"
"275",3,"C11",83,149,42,1.7692,"WB","JAJ"
"276",3,"D11",84,274,42,1.2189,"MW","JAJ"
"277",3,"E11",85,161,43,2.0476,"WB","JAJ"
"278",3,"F11",86,413,43,1.0717,"MW","JAJ"
"279",3,"G11",87,621,43,1.7019,"MW","JXD"
"280",3,"H11",88,240,44,1.9,"MW","JAJ"
"281",3,"A12",89,230,44,1.5419,"MW","JAJ"
"282",3,"B12",90,404,44,1.3369,"MW","JAJ"
"283",3,"C12",91,348,44,1.1282,"MW","JAJ"
"284",3,"D12",92,523,44,1.6704,"MW","JAJ"
"285",3,"E12",93,1539,45,1.8,"WB","EAP"
"286",3,"F12",94,1434,45,1.75,"MW","EAP"
"287",3,"G12",95,297,45,1.5288,"MW","JAJ"
"288",3,"H12",96,307,46,1.8348,"WB","JAJ"
"289",4,"A1",1,478,46,1.3129,"MW","JAJ"
"290",4,"B1",2,560,46,1.3704,"WB","EAP"
"291",4,"C1",3,249,46,2.1264,"MW","JAJ"
"292",4,"D1",4,1045,46,1.5816,"MW","JXD"
"293",4,"E1",5,933,47,1.6061,"MW","JXD"
"294",4,"F1",6,686,47,1.9212,"WB","EAP"
"295",4,"G1",7,1446,47,1.81,"WB","EAP"
"296",4,"H1",8,542,48,1.7548,"MW","EAP"
"297",4,"A2",9,327,48,1.1107,"MW","JAJ"
"298",4,"B2",10,730,48,1.7,"MW","JXD"
"299",4,"C2",11,759,48,1.7676,"MW","JXD"
"300",4,"D2",12,1622,48,1.54,"WB","EAP"
"301",4,"E2",13,1086,48,1.7351,"WB","JXD"
"302",4,"F2",14,390,49,1.5654,"MW","JAJ"
"303",4,"G2",15,649,49,1.8063,"WB","JXD"
"304",4,"H2",16,503,49,1.9018,"WB","JAJ"
"305",4,"A3",17,469,49,1.3956,"MW","JAJ"
"306",4,"B3",18,1196,49,1.74,"MW","EAP"
"307",4,"C3",19,1474,50,1.73,"MW","EAP"
"308",4,"D3",20,578,50,1.7448,"MW","EAP"
"309",4,"E3",21,1506,50,1.56,"MW","EAP"
"310",4,"F3",22,732,50,1.6224,"MW","JXD"
"311",4,"G3",23,641,51,1.6976,"MW","JXD"
"312",4,"H3",24,661,51,2.2809,"MW","EAP"
"313",4,"A4",25,1623,51,1.8,"WB","EAP"
"314",4,"B4",26,188,51,1.9455,"WB","JAJ"
"315",4,"C4",27,479,51,1.6175,"MW","JAJ"
"316",4,"D4",28,1058,52,1.78,"WB","JXD"
"317",4,"E4",29,1789,52,1.86,"WB","EAP"
"318",4,"F4",30,1148,52,1.8,"MW","EAP"
"319",4,"G4",31,1751,52,1.66,"MW","EAP"
"320",4,"H4",32,347,52,1.0808,"MW","JAJ"
"321",4,"A5",33,1232,52,1.68,"WB","EAP"
"322",4,"B5",34,1028,53,1.757,"WB","JXD"
"323",4,"C5",35,1557,53,1.79,"WB","EAP"
"324",4,"D5",36,170,53,1.296,"WB","JAJ"
"325",4,"E5",37,1775,53,1.61,"MW","EAP"
"326",4,"F5",38,1231,53,1.95,"WB","EAP"
"327",4,"G5",39,1694,54,1.58,"MW","EAP"
"328",4,"H5",40,349,54,1.2241,"MW","JAJ"
"329",4,"A6",41,377,54,1.6448,"MW","JAJ"
"330",4,"B6",42,656,54,1.7008,"MW","EAP"
"331",4,"C6",43,0,NA,NA,NA,NA
"332",4,"D6",44,1404,55,1.75,"MW","EAP"
"333",4,"E6",45,1570,55,1.8,"WB","EAP"
"334",4,"F6",46,821,55,1.7964,"MW","JXD"
"335",4,"G6",47,697,55,1.1128,"MW","JXD"
"336",4,"H6",48,1914,56,1.82,"WB","EAP"
"337",4,"A7",49,1540,56,1.77,"WB","EAP"
"338",4,"B7",50,1076,56,1.83,"WB","JXD"
"339",4,"C7",51,1159,56,1.95,"WB","EAP"
"340",4,"D7",52,1247,57,1.71,"MW","EAP"
"341",4,"E7",53,639,58,1.8114,"WB","JXD"
"342",4,"F7",54,1094,58,1.8084,"WB","JXD"
"343",4,"G7",55,59,58,1.8146,"WB","JD"
"344",4,"H7",56,254,59,1.81,"WB","JAJ"
"345",4,"A8",57,1910,59,1.62,"WB","EAP"
"346",4,"B8",58,255,60,1.5514,"MW","JAJ"
"347",4,"C8",59,587,60,1.9079,"WB","JXD"
"348",4,"D8",60,1699,61,1.88,"WB","EAP"
"349",4,"E8",61,1776,62,1.45,"MW","EAP"
"350",4,"F8",62,1207,62,1.97,"WB","EAP"
"351",4,"G8",63,1246,64,1.91,"WB","EAP"
"352",4,"H8",64,272,64,1.88,"WB","JAJ"
"353",4,"A9",65,50,64,1.57,"WB","JXD"
"354",4,"B9",66,787,64,1.85,"MW","JXD"
"355",4,"C9",67,498,64,1.9357,"WB","JAJ"
"356",4,"D9",68,190,65,1.8344,"WB","JAJ"
"357",4,"E9",69,491,65,0.9844,"WB","JAJ"
"358",4,"F9",70,312,65,1.0541,"MW","JAJ"
"359",4,"G9",71,441,66,1.5943,"MW","JAJ"
"360",4,"H9",72,268,66,6.7436,"MW","JAJ"
"361",4,"A10",73,155,66,2.7216,"WB","JAJ"
"362",4,"B10",74,1189,66,1.95,"WB","EAP"
"363",4,"C10",75,1403,66,1.88,"MW","EAP"
"364",4,"D10",76,1531,67,1.79,"WB","EAP"
"365",4,"E10",77,1614,67,1.84,"WB","EAP"
"366",4,"F10",78,829,67,1.6389,"MW","JXD"
"367",4,"G10",79,813,67,1.6956,"MW","JXD"
"368",4,"H10",80,384,67,1.51,"MW","JAJ"
"369",4,"A11",81,142,68,1.5882,"WB","JAJ"
"370",4,"B11",82,1118,69,1.48,"MW","EAP"
"371",4,"C11",83,375,69,1.5914,"MW","JAJ"
"372",4,"D11",84,636,69,1.7275,"MW","JXD"
"373",4,"E11",85,1095,69,1.842,"WB","JXD"
"374",4,"F11",86,580,70,1.669,"MW","EAP"
"375",4,"G11",87,1107,70,1.89,"WB","JXD"
"376",4,"H11",88,586,70,1.7515,"MW","EAP"
"377",4,"A12",89,717,70,1.81,"MW","EAP"
"378",4,"B12",90,345,71,1.6379,"MW","JAJ"
"379",4,"C12",91,1109,71,1.8346,"WB","JXD"
"380",4,"D12",92,1108,71,1.9,"WB","JXD"
"381",4,"E12",93,1877,71,1.62,"WB","EAP"
"382",4,"F12",94,302,72,1.6331,"MW","JAJ"
"383",4,"G12",95,857,72,1.8191,"WB","JXD"
"384",4,"H12",96,534,72,1.7139,"MW","EAP"
"385",5,"A1",1,539,72,1.7343,"MW","EAP"
"386",5,"B1",2,350,72,1.2086,"MW","JAJ"
"387",5,"C1",3,111,73,1.87,"WB","JAJ"
"388",5,"D1",4,235,73,1.6824,"MW","JAJ"
"389",5,"E1",5,264,74,1.5093,"MW","JAJ"
"390",5,"F1",6,229,74,1.5125,"MW","JAJ"
"391",5,"G1",7,1092,74,1.8974,"WB","JXD"
"392",5,"H1",8,231,75,1.2182,"MW","JAJ"
"393",5,"A2",9,938,75,1.89,"WB","JXD"
"394",5,"B2",10,1314,76,1.92,"WB","EAP"
"395",5,"C2",11,1195,76,1.8,"MW","EAP"
"396",5,"D2",12,1536,76,1.84,"WB","EAP"
"397",5,"E2",13,1364,76,1.91,"WB","EAP"
"398",5,"F2",14,1543,78,1.85,"WB","EAP"
"399",5,"G2",15,851,78,1.8025,"WB","JXD"
"400",5,"H2",16,1143,78,1.91,"WB","EAP"
"401",5,"A3",17,778,79,1.82,"WB","JXD"
"402",5,"B3",18,1972,79,1.89,"WB","EAP"
"403",5,"C3",19,924,80,1.5563,"MW","JXD"
"404",5,"D3",20,758,83,1.687,"MW","JXD"
"405",5,"E3",21,1280,83,1.78,"MW","EAP"
"406",5,"F3",22,1678,84,1.93,"WB","EAP"
"407",5,"G3",23,366,84,1.82,"WB","JAJ"
"408",5,"H3",24,1554,84,1.73,"WB","EAP"
"409",5,"A4",25,1928,84,1.9,"MW","EAP"
"410",5,"B4",26,454,85,1.7368,"WB","JAJ"
"411",5,"C4",27,1138,85,1.77,"MW","EAP"
"412",5,"D4",28,1545,85,1.85,"WB","EAP"
"413",5,"E4",29,287,85,1.1023,"MW","JAJ"
"414",5,"F4",30,922,85,1.6284,"MW","JXD"
"415",5,"G4",31,167,85,1.83,"WB","JAJ"
"416",5,"H4",32,1929,86,1.87,"MW","EAP"
"417",5,"A5",33,614,87,1.6066,"MW","JXD"
"418",5,"B5",34,1289,89,1.83,"WB","EAP"
"419",5,"C5",35,1027,90,1.8243,"WB","JXD"
"420",5,"D5",36,202,90,1.786,"WB","JAJ"
"421",5,"E5",37,1262,91,1.87,"WB","EAP"
"422",5,"F5",38,793,91,1.56,"MW","JXD"
"423",5,"G5",39,189,91,1.852,"WB","JAJ"
"424",5,"H5",40,1679,91,1.9,"WB","EAP"
"425",5,"A6",41,1430,92,1.86,"WB","EAP"
"426",5,"B6",42,62,92,1.8721,"WB","RD"
"427",5,"C6",43,125,92,1.913,"WB","JAJ"
"428",5,"D6",44,830,92,1.6537,"MW","JXD"
"429",5,"E6",45,684,93,1.83,"WB","EAP"
"430",5,"F6",46,1278,93,1.89,"WB","EAP"
"431",5,"G6",47,1024,94,1.7739,"WB","JXD"
"432",5,"H6",48,1388,95,1.89,"WB","EAP"
"433",5,"A7",49,1777,95,1.73,"MW","EAP"
"434",5,"B7",50,1175,95,1.87,"WB","EAP"
"435",5,"C7",51,1378,96,1.94,"WB","EAP"
"436",5,"D7",52,1221,96,1.78,"MW","EAP"
"437",5,"E7",53,141,96,1.4165,"BUC","JAJ"
"438",5,"F7",54,1640,97,1.8,"WB","EAP"
"439",5,"G7",55,311,97,1.48,"MW","JAJ"
"440",5,"H7",56,716,97,1.9034,"WB","EAP"
"441",5,"A8",57,1059,99,1.8686,"WB","JXD"
"442",5,"B8",58,409,99,1.3014,"MW","JAJ"
"443",5,"C8",59,198,100,1.8991,"WB","JAJ"
"444",5,"D8",60,154,100,1.0315,"WB","JAJ"
"445",5,"E8",61,913,100,2.0141,"WB","JXD"
"446",5,"F8",62,1488,101,1.87,"WB","EAP"
"447",5,"G8",63,805,101,1.7305,"MW","JXD"
"448",5,"H8",64,1426,101,1.89,"WB","EAP"
"449",5,"A9",65,1363,101,1.83,"WB","EAP"
"450",5,"B9",66,703,102,1.8591,"WB","EAP"
"451",5,"C9",67,1411,102,1.89,"WB","EAP"
"452",5,"D9",68,1353,103,1.89,"WB","EAP"
"453",5,"E9",69,196,103,1.895,"WB","JAJ"
"454",5,"F9",70,0,NA,NA,NA,NA
"455",5,"G9",71,1376,104,1.91,"WB","EAP"
"456",5,"H9",72,210,104,1.8327,"WB","JAJ"
"457",5,"A10",73,1036,105,1.6491,"MW","JXD"
"458",5,"B10",74,328,106,1.2065,"MW","JAJ"
"459",5,"C10",75,263,106,1.1361,"MW","JAJ"
"460",5,"D10",76,1437,106,1.62,"MW","EAP"
"461",5,"E10",77,561,107,1.6447,"MW","EAP"
"462",5,"F10",78,1149,107,1.89,"WB","EAP"
"463",5,"G10",79,698,107,1.8573,"MW","JXD"
"464",5,"H10",80,146,108,2.0622,"WB","JAJ"
"465",5,"A11",81,826,108,1.8127,"WB","JXD"
"466",5,"B11",82,1379,108,1.83,"MW","EAP"
"467",5,"C11",83,1565,109,1.89,"WB","EAP"
"468",5,"D11",84,175,110,1.8867,"WB","JAJ"
"469",5,"E11",85,1276,110,1.93,"WB","EAP"
"470",5,"F11",86,378,111,1.84,"WB","JAJ"
"471",5,"G11",87,38,111,1.89,"WB","JXD"
"472",5,"H11",88,874,111,1.8436,"WB","JXD"
"473",5,"A12",89,276,112,1.3493,"MW","JAJ"
"474",5,"B12",90,356,112,1.4059,"MW","JAJ"
"475",5,"C12",91,1886,112,1.8,"WB","EAP"
"476",5,"D12",92,902,113,1.8223,"WB","JXD"
"477",5,"E12",93,1281,113,1.72,"MW","EAP"
"478",5,"F12",94,1172,113,1.72,"MW","EAP"
"479",5,"G12",95,108,114,2.1065,"WB","JAJ"
"480",5,"H12",96,211,114,1.3529,"MW","JAJ"
"481",6,"A1",1,338,114,1.84,"WB","JAJ"
"482",6,"B1",2,515,115,1.7188,"WB","JAJ"
"483",6,"C1",3,364,115,1.84,"WB","JAJ"
"484",6,"D1",4,1142,116,1.86,"WB","EAP"
"485",6,"E1",5,674,116,1.5877,"MW","EAP"
"486",6,"F1",6,288,117,1.3618,"MW","JAJ"
"487",6,"G1",7,1899,117,1.86,"MW","EAP"
"488",6,"H1",8,163,118,1.435,"WB","JAJ"
"489",6,"A2",9,820,119,1.8383,"WB","JXD"
"490",6,"B2",10,1216,119,1.91,"WB","EAP"
"491",6,"C2",11,1019,120,1.806,"WB","JXD"
"492",6,"D2",12,45,120,1.6797,"WB","JXD"
"493",6,"E2",13,1758,120,1.79,"MW","EAP"
"494",6,"F2",14,1026,122,1.8257,"WB","JXD"
"495",6,"G2",15,342,122,1.5192,"MW","JAJ"
"496",6,"H2",16,1038,122,1.88,"WB","JXD"
"497",6,"A3",17,1834,124,1.92,"WB","EAP"
"498",6,"B3",18,150,125,1.91,"WB","JAJ"
"499",6,"C3",19,246,126,1.8814,"WB","JAJ"
"500",6,"D3",20,331,126,1.4753,"MW","JAJ"
"501",6,"E3",21,1397,126,1.86,"WB","EAP"
"502",6,"F3",22,1788,127,1.72,"WB","EAP"
"503",6,"G3",23,1749,127,1.85,"WB","EAP"
"504",6,"H3",24,1546,128,1.87,"WB","EAP"
"505",6,"A4",25,405,128,1.4913,"MW","JAJ"
"506",6,"B4",26,67,128,1.6542,"WB","JAJ"
"507",6,"C4",27,824,131,1.8461,"WB","JXD"
"508",6,"D4",28,853,131,1.8941,"WB","JXD"
"509",6,"E4",29,1361,131,1.89,"WB","EAP"
"510",6,"F4",30,144,132,1.3138,"WB","JAJ"
"511",6,"G4",31,1829,132,1.83,"WB","EAP"
"512",6,"H4",32,1479,132,1.88,"WB","EAP"
"513",6,"A5",33,48,132,1.99,"WB","SLJ"
"514",6,"B5",34,849,132,1.8605,"WB","JXD"
"515",6,"C5",35,648,133,1.853,"WB","JXD"
"516",6,"D5",36,1660,134,1.89,"WB","EAP"
"517",6,"E5",37,399,134,1.74,"MW","JAJ"
"518",6,"F5",38,1359,135,1.9,"WB","EAP"
"519",6,"G5",39,1658,136,1.88,"WB","EAP"
"520",6,"H5",40,237,137,1.88,"WB","JAJ"
"521",6,"A6",41,1915,137,1.87,"WB","EAP"
"522",6,"B6",42,0,NA,NA,NA,NA
"523",6,"C6",43,1938,137,1.86,"WB","EAP"
"524",6,"D6",44,1020,138,1.8583,"WB","JXD"
"525",6,"E6",45,1837,138,1.86,"WB","EAP"
"526",6,"F6",46,1029,138,1.8161,"WB","JXD"
"527",6,"G6",47,1402,138,1.83,"WB","EAP"
"528",6,"H6",48,1515,139,1.85,"WB","EAP"
"529",6,"A7",49,1089,141,1.8602,"WB","JXD"
"530",6,"B7",50,1673,144,1.88,"WB","EAP"
"531",6,"C7",51,1840,145,1.91,"WB","EAP"
"532",6,"D7",52,166,147,1.85,"WB","JAJ"
"533",6,"E7",53,147,148,1.1858,"WB","JAJ"
"534",6,"F7",54,502,148,1.2366,"WB","JAJ"
"535",6,"G7",55,1335,148,1.86,"WB","EAP"
"536",6,"H7",56,1001,149,1.8427,"WB","JXD"
"537",6,"A8",57,1825,150,1.89,"WB","EAP"
"538",6,"B8",58,1869,151,1.85,"WB","EAP"
"539",6,"C8",59,260,152,3.0964,"MW","JAJ"
"540",6,"D8",60,521,154,1.89,"WB","JAJ"
"541",6,"E8",61,85,155,1.87,"WB","JAJ"
"542",6,"F8",62,1918,155,1.88,"WB","EAP"
"543",6,"G8",63,1422,156,1.85,"WB","EAP"
"544",6,"H8",64,389,156,1.5315,"MW","JAJ"
"545",6,"A9",65,329,156,1.8103,"WB","JAJ"
"546",6,"B9",66,1827,156,1.85,"WB","EAP"
"547",6,"C9",67,1147,157,1.59,"MW","EAP"
"548",6,"D9",68,1198,157,1.7,"MW","EAP"
"549",6,"E9",69,1511,158,1.87,"WB","EAP"
"550",6,"F9",70,611,158,1.79,"MW","JXD"
"551",6,"G9",71,367,158,1.83,"WB","JAJ"
"552",6,"H9",72,576,158,1.9,"WB","EAP"
"553",6,"A10",73,1336,159,1.88,"WB","EAP"
"554",6,"B10",74,1104,159,1.89,"WB","JXD"
"555",6,"C10",75,1785,159,1.73,"WB","EAP"
"556",6,"D10",76,424,160,1.9,"WB","JAJ"
"557",6,"E10",77,583,160,1.8888,"WB","JXD"
"558",6,"F10",78,1870,162,1.83,"WB","EAP"
"559",6,"G10",79,430,162,1.89,"WB","JAJ"
"560",6,"H10",80,232,162,1.5908,"MW","JAJ"
"561",6,"A11",81,1600,162,1.85,"WB","EAP"
"562",6,"B11",82,1240,163,1.91,"WB","EAP"
"563",6,"C11",83,173,163,2.11,"WB","JAJ"
"564",6,"D11",84,458,164,1.86,"WB","JAJ"
"565",6,"E11",85,89,165,1.6723,"WB","JAJ"
"566",6,"F11",86,1845,165,1.88,"WB","EAP"
"567",6,"G11",87,693,165,1.86,"WB","EAP"
"568",6,"H11",88,1225,166,1.88,"WB","EAP"
"569",6,"A12",89,589,166,1.8667,"WB","JXD"
"570",6,"B12",90,615,167,1.6132,"MW","JXD"
"571",6,"C12",91,1215,167,1.88,"WB","EAP"
"572",6,"D12",92,743,167,1.8644,"WB","JXD"
"573",6,"E12",93,1799,168,1.82,"WB","EAP"
"574",6,"F12",94,1887,168,1.86,"WB","EAP"
"575",6,"G12",95,1420,169,1.9,"WB","EAP"
"576",6,"H12",96,514,169,1.1288,"MW","JAJ"
"577",7,"A1",1,869,170,1.8639,"WB","JXD"
"578",7,"B1",2,485,170,1.89,"WB","JAJ"
"579",7,"C1",3,91,170,1.7023,"WB","JAJ"
"580",7,"D1",4,102,170,1.89,"WB","JAJ"
"581",7,"E1",5,289,171,1.8364,"WB","JAJ"
"582",7,"F1",6,0,NA,NA,NA,NA
"583",7,"G1",7,1704,171,1.92,"WB","EAP"
"584",7,"H1",8,1408,172,1.9,"WB","EAP"
"585",7,"A2",9,836,172,1.8283,"WB","JXD"
"586",7,"B2",10,435,173,1.2502,"MW","JAJ"
"587",7,"C2",11,1629,174,1.86,"WB","EAP"
"588",7,"D2",12,86,174,1.89,"WB","JAJ"
"589",7,"E2",13,259,174,1.7702,"WB","JAJ"
"590",7,"F2",14,193,175,1.84,"WB","JAJ"
"591",7,"G2",15,1725,175,1.91,"WB","EAP"
"592",7,"H2",16,1116,175,1.65,"MW","EAP"
"593",7,"A3",17,1117,175,1.63,"MW","EAP"
"594",7,"B3",18,1797,175,1.89,"WB","EAP"
"595",7,"C3",19,625,175,1.7125,"MW","JXD"
"596",7,"D3",20,714,176,1.9009,"WB","EAP"
"597",7,"E3",21,1794,176,1.89,"WB","EAP"
"598",7,"F3",22,440,176,1.8479,"WB","JAJ"
"599",7,"G3",23,731,176,1.6126,"MW","JXD"
"600",7,"H3",24,134,176,1.89,"WB","JAJ"
"601",7,"A4",25,1530,177,1.87,"WB","EAP"
"602",7,"B4",26,1112,177,1.9,"WB","EAP"
"603",7,"C4",27,245,177,1.86,"WB","JAJ"
"604",7,"D4",28,1085,177,1.86,"WB","JXD"
"605",7,"E4",29,1074,178,1.8409,"WB","JXD"
"606",7,"F4",30,1419,178,1.84,"WB","EAP"
"607",7,"G4",31,1857,178,1.82,"WB","EAP"
"608",7,"H4",32,1356,179,1.92,"WB","EAP"
"609",7,"A5",33,1471,179,1.88,"WB","EAP"
"610",7,"B5",34,1835,179,1.84,"WB","EAP"
"611",7,"C5",35,1627,179,1.88,"WB","EAP"
"612",7,"D5",36,927,179,1.9989,"WB","JXD"
"613",7,"E5",37,114,179,1.91,"WB","JAJ"
"614",7,"F5",38,764,179,1.9075,"WB","JXD"
"615",7,"G5",39,220,181,1.0357,"MW","JAJ"
"616",7,"H5",40,1333,181,1.89,"WB","EAP"
"617",7,"A6",41,359,181,1.82,"WB","JAJ"
"618",7,"B6",42,178,181,1.8475,"WB","JAJ"
"619",7,"C6",43,1632,181,1.87,"WB","EAP"
"620",7,"D6",44,881,182,1.9529,"WB","JXD"
"621",7,"E6",45,1705,182,1.9,"WB","EAP"
"622",7,"F6",46,1831,182,1.84,"WB","EAP"
"623",7,"G6",47,1182,183,1.9,"WB","EAP"
"624",7,"H6",48,1839,184,1.87,"WB","EAP"
"625",7,"A7",49,1569,184,1.9,"WB","EAP"
"626",7,"B7",50,547,185,1.5541,"WB","EAP"
"627",7,"C7",51,71,185,1.87,"WB","JAJ"
"628",7,"D7",52,1514,186,1.9,"WB","EAP"
"629",7,"E7",53,296,187,1.86,"WB","JAJ"
"630",7,"F7",54,168,188,1.8667,"WB","JAJ"
"631",7,"G7",55,1970,188,1.9,"WB","EAP"
"632",7,"H7",56,1847,188,1.84,"WB","EAP"
"633",7,"A8",57,1394,188,1.9,"WB","EAP"
"634",7,"B8",58,1258,188,1.92,"WB","EAP"
"635",7,"C8",59,483,189,1.87,"WB","JAJ"
"636",7,"D8",60,1321,190,1.88,"WB","EAP"
"637",7,"E8",61,1374,191,1.89,"WB","EAP"
"638",7,"F8",62,253,191,1.86,"WB","JAJ"
"639",7,"G8",63,41,191,1.88,"WB","JXD"
"640",7,"H8",64,54,191,1.802,"WB","JXD"
"641",7,"A9",65,864,193,1.8423,"WB","JXD"
"642",7,"B9",66,1770,193,1.81,"WB","EAP"
"643",7,"C9",67,591,193,1.8299,"MW","EAP"
"644",7,"D9",68,1872,194,1.83,"WB","EAP"
"645",7,"E9",69,653,194,1.7598,"MW","EAP"
"646",7,"F9",70,1517,195,1.89,"WB","EAP"
"647",7,"G9",71,1124,195,1.87,"WB","EAP"
"648",7,"H9",72,1304,196,1.89,"WB","EAP"
"649",7,"A10",73,511,196,1.3879,"WB","JAJ"
"650",7,"B10",74,1272,197,1.88,"WB","EAP"
"651",7,"C10",75,1819,197,1.87,"WB","EAP"
"652",7,"D10",76,1786,197,1.81,"WB","EAP"
"653",7,"E10",77,1399,198,1.66,"WB","EAP"
"654",7,"F10",78,1435,198,1.89,"WB","EAP"
"655",7,"G10",79,82,198,1.7865,"WB","JAJ"
"656",7,"H10",80,562,198,1.7925,"WB","JXD"
"657",7,"A11",81,808,198,1.77,"MW","JXD"
"658",7,"B11",82,423,200,1.89,"WB","JAJ"
"659",7,"C11",83,1935,200,1.87,"WB","EAP"
"660",7,"D11",84,1548,200,1.88,"WB","EAP"
"661",7,"E11",85,673,201,1.7497,"MW","EAP"
"662",7,"F11",86,1833,201,1.87,"WB","EAP"
"663",7,"G11",87,696,201,1.88,"WB","EAP"
"664",7,"H11",88,672,202,1.5486,"MW","EAP"
"665",7,"A12",89,340,203,1.85,"WB","JAJ"
"666",7,"B12",90,1405,203,1.91,"WB","EAP"
"667",7,"C12",91,585,203,1.7834,"MW","EAP"
"668",7,"D12",92,573,204,1.88,"WB","JXD"
"669",7,"E12",93,1701,205,1.91,"WB","EAP"
"670",7,"F12",94,1747,207,1.86,"WB","EAP"
"671",7,"G12",95,1380,207,1.87,"WB","EAP"
"672",7,"H12",96,1460,208,1.86,"WB","EAP"
"673",8,"A1",1,1400,208,1.86,"WB","EAP"
"674",8,"B1",2,1765,208,1.83,"WB","EAP"
"675",8,"C1",3,930,209,1.9609,"WB","JXD"
"676",8,"D1",4,1022,210,1.847,"WB","JXD"
"677",8,"E1",5,213,210,1.7109,"MW","JAJ"
"678",8,"F1",6,1913,211,1.88,"WB","EAP"
"679",8,"G1",7,1937,211,1.87,"WB","EAP"
"680",8,"H1",8,0,NA,NA,NA,NA
"681",8,"A2",9,1860,211,1.82,"WB","EAP"
"682",8,"B2",10,651,212,1.8543,"WB","EAP"
"683",8,"C2",11,1406,212,1.89,"WB","EAP"
"684",8,"D2",12,522,212,1.84,"WB","JAJ"
"685",8,"E2",13,1291,213,1.87,"WB","EAP"
"686",8,"F2",14,1482,213,1.9,"WB","EAP"
"687",8,"G2",15,1853,213,1.83,"WB","EAP"
"688",8,"H2",16,1681,214,1.99,"WB","EAP"
"689",8,"A3",17,74,214,1.87,"WB","JAJ"
"690",8,"B3",18,110,215,1.9059,"WB","JAJ"
"691",8,"C3",19,1719,216,1.91,"WB","EAP"
"692",8,"D3",20,484,216,1.86,"WB","JAJ"
"693",8,"E3",21,921,216,1.85,"MW","JXD"
"694",8,"F3",22,177,217,1.7316,"WB","JAJ"
"695",8,"G3",23,372,217,1.0067,"MW","JAJ"
"696",8,"H3",24,1778,217,1.81,"WB","EAP"
"697",8,"A4",25,1328,217,1.87,"WB","EAP"
"698",8,"B4",26,446,218,1.87,"WB","JAJ"
"699",8,"C4",27,1447,219,1.89,"WB","EAP"
"700",8,"D4",28,1510,219,1.9,"WB","EAP"
"701",8,"E4",29,1884,219,1.83,"WB","EAP"
"702",8,"F4",30,1852,219,1.91,"WB","EAP"
"703",8,"G4",31,44,220,1.8593,"WB","JXD"
"704",8,"H4",32,1000,220,1.8563,"WB","JXD"
"705",8,"A5",33,1754,222,1.85,"WB","EAP"
"706",8,"B5",34,882,222,1.8954,"WB","JXD"
"707",8,"C5",35,690,222,1.7563,"WB","EAP"
"708",8,"D5",36,1227,222,1.88,"WB","EAP"
"709",8,"E5",37,214,222,1.5909,"MW","JAJ"
"710",8,"F5",38,1813,223,1.9,"WB","EAP"
"711",8,"G5",39,1595,223,1.88,"WB","EAP"
"712",8,"H5",40,244,223,1.86,"WB","JAJ"
"713",8,"A6",41,457,223,1.86,"WB","JAJ"
"714",8,"B6",42,495,223,1.89,"WB","JAJ"
"715",8,"C6",43,753,223,1.87,"WB","JXD"
"716",8,"D6",44,1880,223,1.88,"WB","EAP"
"717",8,"E6",45,1855,224,1.83,"WB","EAP"
"718",8,"F6",46,1310,224,1.87,"WB","EAP"
"719",8,"G6",47,357,224,1.85,"WB","JAJ"
"720",8,"H6",48,337,224,1.0637,"WB","JAJ"
"721",8,"A7",49,1636,224,1.9,"WB","EAP"
"722",8,"B7",50,1185,224,1.9,"WB","EAP"
"723",8,"C7",51,568,225,1.6303,"MW","EAP"
"724",8,"D7",52,1318,225,1.9,"WB","EAP"
"725",8,"E7",53,699,225,1.8797,"WB","EAP"
"726",8,"F7",54,1233,227,1.88,"WB","EAP"
"727",8,"G7",55,1708,227,1.91,"WB","EAP"
"728",8,"H7",56,269,227,1.84,"WB","JAJ"
"729",8,"A8",57,1653,228,1.85,"WB","EAP"
"730",8,"B8",58,1306,228,1.88,"WB","EAP"
"731",8,"C8",59,665,228,1.8382,"MW","EAP"
"732",8,"D8",60,1669,228,1.9,"WB","EAP"
"733",8,"E8",61,1616,228,1.88,"WB","EAP"
"734",8,"F8",62,160,228,1.86,"WB","JAJ"
"735",8,"G8",63,1920,229,1.88,"WB","EAP"
"736",8,"H8",64,1161,229,1.87,"WB","EAP"
"737",8,"A9",65,709,229,1.8866,"WB","EAP"
"738",8,"B9",66,563,230,1.6757,"WB","JXD"
"739",8,"C9",67,1711,230,1.89,"WB","EAP"
"740",8,"D9",68,1035,230,1.6734,"MW","JXD"
"741",8,"E9",69,1702,230,1.89,"WB","EAP"
"742",8,"F9",70,1091,230,1.8635,"WB","JXD"
"743",8,"G9",71,1483,231,1.88,"WB","EAP"
"744",8,"H9",72,1851,231,1.85,"WB","EAP"
"745",8,"A10",73,1639,231,1.88,"WB","EAP"
"746",8,"B10",74,1551,232,1.91,"WB","EAP"
"747",8,"C10",75,1773,232,1.8,"WB","EAP"
"748",8,"D10",76,1848,232,1.88,"WB","EAP"
"749",8,"E10",77,1934,232,1.88,"WB","EAP"
"750",8,"F10",78,652,233,1.8565,"WB","EAP"
"751",8,"G10",79,995,233,1.9168,"WB","ALG"
"752",8,"H10",80,1576,235,1.88,"WB","EAP"
"753",8,"A11",81,1440,235,1.86,"WB","EAP"
"754",8,"B11",82,1666,235,1.88,"WB","EAP"
"755",8,"C11",83,1386,236,1.9,"WB","EAP"
"756",8,"D11",84,846,236,1.88,"WB","JXD"
"757",8,"E11",85,1605,236,1.87,"WB","EAP"
"758",8,"F11",86,1099,237,1.84,"WB","JXD"
"759",8,"G11",87,872,237,1.8572,"WB","JXD"
"760",8,"H11",88,940,237,1.9216,"WB","JXD"
"761",8,"A12",89,1432,237,1.88,"WB","EAP"
"762",8,"B12",90,1652,238,1.86,"WB","EAP"
"763",8,"C12",91,1164,238,1.89,"WB","EAP"
"764",8,"D12",92,757,238,1.8919,"WB","JXD"
"765",8,"E12",93,1643,239,1.87,"WB","EAP"
"766",8,"F12",94,1521,239,1.89,"WB","EAP"
"767",8,"G12",95,1351,239,1.9,"WB","EAP"
"768",8,"H12",96,994,239,1.9228,"WB","ALG"
"769",9,"A1",1,1722,240,1.91,"WB","EAP"
"770",9,"B1",2,1395,240,1.89,"WB","EAP"
"771",9,"C1",3,1391,241,1.89,"WB","EAP"
"772",9,"D1",4,1579,241,1.87,"WB","EAP"
"773",9,"E1",5,1533,241,1.86,"WB","EAP"
"774",9,"F1",6,159,241,1.87,"WB","JAJ"
"775",9,"G1",7,1494,241,1.89,"WB","EAP"
"776",9,"H1",8,80,241,1.7341,"WB","JAJ"
"777",9,"A2",9,1433,242,1.76,"MW","EAP"
"778",9,"B2",10,668,242,1.8684,"WB","EAP"
"779",9,"C2",11,763,242,1.8714,"WB","JXD"
"780",9,"D2",12,1865,242,1.86,"WB","EAP"
"781",9,"E2",13,1762,243,1.87,"WB","EAP"
"782",9,"F2",14,1489,243,1.89,"WB","EAP"
"783",9,"G2",15,1888,243,1.88,"WB","EAP"
"784",9,"H2",16,1601,243,1.87,"WB","EAP"
"785",9,"A3",17,1674,244,1.91,"WB","EAP"
"786",9,"B3",18,1947,245,1.89,"WB","EAP"
"787",9,"C3",19,391,245,1.4677,"MW","JAJ"
"788",9,"D3",20,1922,245,1.89,"WB","EAP"
"789",9,"E3",21,474,245,1.88,"WB","JAJ"
"790",9,"F3",22,1662,246,1.89,"WB","EAP"
"791",9,"G3",23,1698,247,1.9,"WB","EAP"
"792",9,"H3",24,549,248,3.4138,"WB","EAP"
"793",9,"A4",25,1413,248,1.88,"WB","EAP"
"794",9,"B4",26,271,248,1.83,"WB","JAJ"
"795",9,"C4",27,1452,248,1.88,"WB","EAP"
"796",9,"D4",28,1122,248,1.86,"WB","EAP"
"797",9,"E4",29,1633,248,1.87,"WB","EAP"
"798",9,"F4",30,1798,248,1.89,"WB","EAP"
"799",9,"G4",31,1767,248,1.83,"WB","EAP"
"800",9,"H4",32,1805,249,1.87,"WB","EAP"
"801",9,"A5",33,1553,249,1.87,"WB","EAP"
"802",9,"B5",34,1071,250,1.82,"WB","JXD"
"803",9,"C5",35,1308,250,1.89,"WB","EAP"
"804",9,"D5",36,1502,250,1.89,"WB","EAP"
"805",9,"E5",37,1556,250,1.89,"WB","EAP"
"806",9,"F5",38,1260,250,1.9,"WB","EAP"
"807",9,"G5",39,1737,250,1.87,"WB","EAP"
"808",9,"H5",40,1320,251,1.89,"WB","EAP"
"809",9,"A6",41,1655,251,1.89,"WB","EAP"
"810",9,"B6",42,1176,251,1.9,"WB","EAP"
"811",9,"C6",43,1174,251,1.88,"WB","EAP"
"812",9,"D6",44,1676,251,1.89,"WB","EAP"
"813",9,"E6",45,895,252,1.9313,"WB","JXD"
"814",9,"F6",46,1911,252,1.85,"WB","EAP"
"815",9,"G6",47,1846,253,1.85,"WB","EAP"
"816",9,"H6",48,455,253,1.87,"WB","JAJ"
"817",9,"A7",49,1327,253,1.88,"WB","EAP"
"818",9,"B7",50,1874,254,1.85,"WB","EAP"
"819",9,"C7",51,1338,254,1.9,"WB","EAP"
"820",9,"D7",52,1282,254,1.9,"WB","EAP"
"821",9,"E7",53,1741,254,1.85,"WB","EAP"
"822",9,"F7",54,241,254,1.86,"WB","JAJ"
"823",9,"G7",55,1250,255,1.86,"WB","EAP"
"824",9,"H7",56,1542,255,1.88,"WB","EAP"
"825",9,"A8",57,1953,256,1.9,"WB","EAP"
"826",9,"B8",58,1014,257,1.8765,"WB","JXD"
"827",9,"C8",59,1626,258,1.87,"WB","EAP"
"828",9,"D8",60,1638,258,1.86,"WB","EAP"
"829",9,"E8",61,1523,259,1.86,"WB","EAP"
"830",9,"F8",62,131,259,1.87,"WB","JAJ"
"831",9,"G8",63,1498,259,1.9,"WB","EAP"
"832",9,"H8",64,1054,259,1.88,"WB","JXD"
"833",9,"A9",65,1656,260,1.87,"WB","EAP"
"834",9,"B9",66,1305,261,1.88,"WB","EAP"
"835",9,"C9",67,1478,262,1.89,"WB","EAP"
"836",9,"D9",68,1588,262,1.88,"WB","EAP"
"837",9,"E9",69,1492,263,1.88,"WB","EAP"
"838",9,"F9",70,127,263,1.5223,"WB","JAJ"
"839",9,"G9",71,1500,264,1.89,"WB","EAP"
"840",9,"H9",72,138,264,2.9118,"WB","JAJ"
"841",9,"A10",73,1723,265,1.9,"WB","EAP"
"842",9,"B10",74,1163,265,1.9,"WB","EAP"
"843",9,"C10",75,1966,266,1.89,"WB","EAP"
"844",9,"D10",76,1068,266,1.88,"WB","JXD"
"845",9,"E10",77,596,266,1.7287,"MW","EAP"
"846",9,"F10",78,1648,266,1.86,"WB","EAP"
"847",9,"G10",79,1236,266,1.88,"WB","EAP"
"848",9,"H10",80,0,NA,NA,NA,NA
"849",9,"A11",81,153,267,1.88,"WB","JAJ"
"850",9,"B11",82,876,267,1.8332,"WB","JXD"
"851",9,"C11",83,1316,268,1.89,"WB","EAP"
"852",9,"D11",84,1959,268,1.9,"WB","EAP"
"853",9,"E11",85,1818,268,1.89,"WB","EAP"
"854",9,"F11",86,1155,268,1.87,"WB","EAP"
"855",9,"G11",87,1368,268,1.88,"WB","EAP"
"856",9,"H11",88,1746,269,1.87,"WB","EAP"
"857",9,"A12",89,517,269,1.9052,"WB","JAJ"
"858",9,"B12",90,904,269,1.9306,"WB","JXD"
"859",9,"C12",91,107,270,1.3588,"WB","JAJ"
"860",9,"D12",92,1300,270,1.87,"WB","EAP"
"861",9,"E12",93,861,270,1.8541,"WB","JXD"
"862",9,"F12",94,1753,271,1.86,"WB","EAP"
"863",9,"G12",95,1590,272,1.86,"WB","EAP"
"864",9,"H12",96,905,272,1.9248,"WB","JXD"
"865",10,"A1",1,1449,272,1.87,"WB","EAP"
"866",10,"B1",2,870,272,1.873,"WB","JXD"
"867",10,"C1",3,1930,272,1.87,"WB","EAP"
"868",10,"D1",4,152,272,1.88,"WB","JAJ"
"869",10,"E1",5,1325,272,1.88,"WB","EAP"
"870",10,"F1",6,1003,273,1.89,"WB","JXD"
"871",10,"G1",7,251,273,1.85,"WB","JAJ"
"872",10,"H1",8,1222,273,1.88,"WB","EAP"
"873",10,"A2",9,470,273,1.88,"WB","JAJ"
"874",10,"B2",10,545,274,1.7945,"WB","EAP"
"875",10,"C2",11,1307,274,1.87,"WB","EAP"
"876",10,"D2",12,920,274,1.88,"WB","JXD"
"877",10,"E2",13,1296,275,1.9,"WB","EAP"
"878",10,"F2",14,1453,276,1.86,"WB","EAP"
"879",10,"G2",15,1560,276,1.89,"WB","EAP"
"880",10,"H2",16,1742,276,1.87,"WB","EAP"
"881",10,"A3",17,1012,276,1.8625,"WB","JXD"
"882",10,"B3",18,1301,276,1.88,"WB","EAP"
"883",10,"C3",19,1297,276,1.89,"WB","EAP"
"884",10,"D3",20,1156,278,1.87,"WB","EAP"
"885",10,"E3",21,1392,278,1.89,"WB","EAP"
"886",10,"F3",22,850,278,1.8647,"WB","JXD"
"887",10,"G3",23,473,278,1.88,"WB","JAJ"
"888",10,"H3",24,1100,278,1.87,"WB","JXD"
"889",10,"A4",25,42,279,1.8618,"WB","JXD"
"890",10,"B4",26,267,279,1.872,"WB","JAJ"
"891",10,"C4",27,1879,279,1.88,"WB","EAP"
"892",10,"D4",28,1946,279,1.9,"WB","EAP"
"893",10,"E4",29,1493,279,1.89,"WB","EAP"
"894",10,"F4",30,95,280,1.8258,"WB","JAJ"
"895",10,"G4",31,1979,280,1.91,"WB","EAP"
"896",10,"H4",32,1926,280,1.86,"WB","EAP"
"897",10,"A5",33,1487,280,1.88,"WB","EAP"
"898",10,"B5",34,1179,281,1.89,"WB","EAP"
"899",10,"C5",35,1745,281,1.87,"WB","EAP"
"900",10,"D5",36,1002,281,1.8501,"WB","JXD"
"901",10,"E5",37,909,281,1.9182,"WB","JXD"
"902",10,"F5",38,630,282,1.8749,"WB","JXD"
"903",10,"G5",39,0,NA,NA,NA,NA
"904",10,"H5",40,1073,282,1.8485,"WB","JXD"
"905",10,"A6",41,1962,282,1.89,"WB","EAP"
"906",10,"B6",42,1712,282,1.89,"WB","EAP"
"907",10,"C6",43,847,283,1.8571,"WB","JXD"
"908",10,"D6",44,1931,283,1.87,"WB","EAP"
"909",10,"E6",45,1504,284,1.9,"WB","EAP"
"910",10,"F6",46,1366,284,1.89,"WB","EAP"
"911",10,"G6",47,1464,284,1.88,"WB","EAP"
"912",10,"H6",48,756,285,1.86,"WB","JXD"
"913",10,"A7",49,104,285,1.88,"WB","JAJ"
"914",10,"B7",50,205,285,1.84,"WB","JAJ"
"915",10,"C7",51,1269,286,1.87,"WB","EAP"
"916",10,"D7",52,496,286,2.0838,"WB","JAJ"
"917",10,"E7",53,1707,287,1.9,"WB","EAP"
"918",10,"F7",54,1427,287,1.88,"WB","EAP"
"919",10,"G7",55,1219,287,1.91,"WB","EAP"
"920",10,"H7",56,766,287,1.8593,"WB","JXD"
"921",10,"A8",57,1859,288,1.9,"WB","EAP"
"922",10,"B8",58,1695,288,1.9,"WB","EAP"
"923",10,"C8",59,1763,288,1.87,"WB","EAP"
"924",10,"D8",60,1630,288,1.88,"WB","EAP"
"925",10,"E8",61,1103,289,1.87,"WB","JXD"
"926",10,"F8",62,1267,289,1.88,"WB","EAP"
"927",10,"G8",63,78,290,1.87,"WB","JAJ"
"928",10,"H8",64,1717,290,1.9,"WB","EAP"
"929",10,"A9",65,1769,290,1.84,"WB","EAP"
"930",10,"B9",66,266,291,1.8559,"WB","JAJ"
"931",10,"C9",67,1684,291,1.91,"WB","EAP"
"932",10,"D9",68,380,291,1.84,"WB","JAJ"
"933",10,"E9",69,1718,292,1.88,"WB","EAP"
"934",10,"F9",70,1418,292,1.87,"WB","EAP"
"935",10,"G9",71,1619,293,1.87,"WB","EAP"
"936",10,"H9",72,1372,293,1.87,"WB","EAP"
"937",10,"A10",73,121,293,1.7132,"WB","JAJ"
"938",10,"B10",74,35,294,1.8358,"WB","JXD"
"939",10,"C10",75,780,294,1.88,"WB","JXD"
"940",10,"D10",76,581,294,1.8834,"WB","JXD"
"941",10,"E10",77,243,294,1.84,"WB","JAJ"
"942",10,"F10",78,1978,295,1.88,"WB","EAP"
"943",10,"G10",79,1955,295,1.9,"WB","EAP"
"944",10,"H10",80,1055,295,1.89,"WB","JXD"
"945",10,"A11",81,76,295,1.88,"WB","JAJ"
"946",10,"B11",82,1863,296,1.84,"WB","EAP"
"947",10,"C11",83,1647,296,1.87,"WB","EAP"
"948",10,"D11",84,1167,296,1.87,"WB","EAP"
"949",10,"E11",85,182,296,1.85,"WB","JAJ"
"950",10,"F11",86,1428,297,1.86,"WB","EAP"
"951",10,"G11",87,505,297,1.7596,"WB","JAJ"
"952",10,"H11",88,18,297,1.9158,"WB","FJB"
"953",10,"A12",89,30,297,1.87,"WB","JXD"
"954",10,"B12",90,1311,297,1.9,"WB","EAP"
"955",10,"C12",91,1714,298,1.9,"WB","EAP"
"956",10,"D12",92,536,298,1.6303,"MW","EAP"
"957",10,"E12",93,1371,298,1.88,"WB","EAP"
"958",10,"F12",94,1904,299,1.87,"WB","EAP"
"959",10,"G12",95,1645,299,1.88,"WB","EAP"
"960",10,"H12",96,460,299,1.89,"WB","JAJ"
"961",11,"A1",1,1670,299,1.89,"WB","EAP"
"962",11,"B1",2,1907,300,1.87,"WB","EAP"
"963",11,"C1",3,1518,300,1.88,"WB","EAP"
"964",11,"D1",4,1485,301,1.9,"WB","EAP"
"965",11,"E1",5,918,301,1.9,"WB","JXD"
"966",11,"F1",6,1344,301,1.88,"WB","EAP"
"967",11,"G1",7,1295,302,1.89,"WB","EAP"
"968",11,"H1",8,1598,302,1.87,"WB","EAP"
"969",11,"A2",9,558,303,1.863,"WB","EAP"
"970",11,"B2",10,1057,303,1.88,"WB","JXD"
"971",11,"C2",11,1302,304,1.88,"WB","EAP"
"972",11,"D2",12,1069,304,1.86,"WB","JXD"
"973",11,"E2",13,1293,305,1.88,"WB","EAP"
"974",11,"F2",14,1360,306,1.88,"WB","EAP"
"975",11,"G2",15,1743,306,1.87,"WB","EAP"
"976",11,"H2",16,1580,306,1.87,"WB","EAP"
"977",11,"A3",17,1312,306,1.88,"WB","EAP"
"978",11,"B3",18,1065,306,1.85,"WB","JXD"
"979",11,"C3",19,1866,306,1.89,"WB","EAP"
"980",11,"D3",20,1480,307,1.88,"WB","EAP"
"981",11,"E3",21,1685,307,1.89,"WB","EAP"
"982",11,"F3",22,1720,307,1.89,"WB","EAP"
"983",11,"G3",23,1084,308,1.87,"WB","JXD"
"984",11,"H3",24,1381,308,1.89,"WB","EAP"
"985",11,"A4",25,360,308,1.83,"WB","JAJ"
"986",11,"B4",26,1615,309,1.88,"WB","EAP"
"987",11,"C4",27,157,309,1.88,"WB","JAJ"
"988",11,"D4",28,1168,309,1.9,"WB","EAP"
"989",11,"E4",29,1733,309,1.91,"WB","EAP"
"990",11,"F4",30,1795,310,1.88,"WB","EAP"
"991",11,"G4",31,1617,310,1.85,"WB","EAP"
"992",11,"H4",32,570,310,1.86,"WB","EAP"
"993",11,"A5",33,1706,311,1.89,"WB","EAP"
"994",11,"B5",34,75,311,1.87,"WB","JAJ"
"995",11,"C5",35,755,312,1.87,"WB","JXD"
"996",11,"D5",36,96,312,1.5335,"WB","JAJ"
"997",11,"E5",37,427,312,1.88,"WB","JAJ"
"998",11,"F5",38,567,312,1.7026,"MW","EAP"
"999",11,"G5",39,1577,312,1.88,"WB","EAP"
"1000",11,"H5",40,0,NA,NA,NA,NA
"1001",11,"A6",41,416,314,1.88,"WB","JAJ"
"1002",11,"B6",42,1562,314,1.87,"WB","EAP"
"1003",11,"C6",43,1861,314,1.85,"WB","EAP"
"1004",11,"D6",44,844,315,1.8514,"WB","JXD"
"1005",11,"E6",45,438,315,1.7128,"WB","JAJ"
"1006",11,"F6",46,481,316,1.3223,"MW","JAJ"
"1007",11,"G6",47,2,316,1.88,"WB","JXD"
"1008",11,"H6",48,1495,317,1.88,"WB","EAP"
"1009",11,"A7",49,1939,317,1.89,"WB","EAP"
"1010",11,"B7",50,1261,317,1.91,"WB","EAP"
"1011",11,"C7",51,1339,317,1.91,"WB","EAP"
"1012",11,"D7",52,1203,317,1.9,"WB","EAP"
"1013",11,"E7",53,1350,317,1.89,"WB","EAP"
"1014",11,"F7",54,1815,318,1.88,"WB","EAP"
"1015",11,"G7",55,206,318,1.85,"WB","JAJ"
"1016",11,"H7",56,33,318,1.7995,"WB","JXD"
"1017",11,"A8",57,860,319,1.873,"WB","JXD"
"1018",11,"B8",58,1917,319,1.88,"WB","EAP"
"1019",11,"C8",59,1398,319,1.87,"WB","EAP"
"1020",11,"D8",60,1659,319,1.88,"WB","EAP"
"1021",11,"E8",61,1410,320,1.88,"WB","EAP"
"1022",11,"F8",62,132,320,1.89,"WB","JAJ"
"1023",11,"G8",63,1621,320,1.85,"WB","EAP"
"1024",11,"H8",64,429,320,1.88,"WB","JAJ"
"1025",11,"A9",65,1470,320,1.86,"WB","EAP"
"1026",11,"B9",66,1814,322,1.89,"WB","EAP"
"1027",11,"C9",67,1727,322,1.9,"WB","EAP"
"1028",11,"D9",68,1586,322,1.87,"WB","EAP"
"1029",11,"E9",69,897,322,1.87,"WB","JXD"
"1030",11,"F9",70,1154,323,1.87,"WB","EAP"
"1031",11,"G9",71,317,324,1.8492,"WB","JAJ"
"1032",11,"H9",72,520,324,1.85,"WB","JAJ"
"1033",11,"A10",73,1527,325,1.89,"WB","EAP"
"1034",11,"B10",74,1558,325,1.88,"WB","EAP"
"1035",11,"C10",75,1583,325,1.88,"WB","EAP"
"1036",11,"D10",76,1075,325,1.82,"WB","JXD"
"1037",11,"E10",77,600,325,1.7925,"MW","JXD"
"1038",11,"F10",78,1671,325,1.9,"WB","EAP"
"1039",11,"G10",79,233,326,1.5895,"MW","JAJ"
"1040",11,"H10",80,1901,327,1.87,"WB","EAP"
"1041",11,"A11",81,671,327,1.8694,"WB","EAP"
"1042",11,"B11",82,1187,327,1.9,"WB","EAP"
"1043",11,"C11",83,1513,329,1.89,"WB","EAP"
"1044",11,"D11",84,1940,329,1.91,"WB","EAP"
"1045",11,"E11",85,781,329,1.87,"WB","JXD"
"1046",11,"F11",86,932,330,1.9461,"WB","JXD"
"1047",11,"G11",87,1105,330,1.86,"WB","JXD"
"1048",11,"H11",88,1908,331,1.87,"WB","EAP"
"1049",11,"A12",89,642,331,1.857,"WB","JXD"
"1050",11,"B12",90,1867,331,1.89,"WB","EAP"
"1051",11,"C12",91,1898,332,1.89,"WB","EAP"
"1052",11,"D12",92,1520,333,1.89,"WB","EAP"
"1053",11,"E12",93,1166,333,1.88,"WB","EAP"
"1054",11,"F12",94,1141,333,1.82,"WB","EAP"
"1055",11,"G12",95,1062,334,1.85,"WB","JXD"
"1056",11,"H12",96,1948,334,1.89,"WB","EAP"
"1057",12,"A1",1,1127,334,1.86,"WB","EAP"
"1058",12,"B1",2,217,335,1.3295,"MW","JAJ"
"1059",12,"C1",3,1610,335,1.86,"WB","EAP"
"1060",12,"D1",4,1362,336,1.88,"WB","EAP"
"1061",12,"E1",5,1041,336,1.8447,"WB","JXD"
"1062",12,"F1",6,0,NA,NA,NA,NA
"1063",12,"G1",7,1923,336,1.88,"WB","EAP"
"1064",12,"H1",8,1591,336,1.87,"WB","EAP"
"1065",12,"A2",9,53,337,1.8716,"WB","JXD"
"1066",12,"B2",10,915,337,1.921,"WB","JXD"
"1067",12,"C2",11,1265,337,1.87,"WB","EAP"
"1068",12,"D2",12,239,339,1.86,"WB","JAJ"
"1069",12,"E2",13,135,339,1.88,"WB","JAJ"
"1070",12,"F2",14,461,340,1.87,"WB","JAJ"
"1071",12,"G2",15,907,341,1.9445,"WB","JXD"
"1072",12,"H2",16,171,342,1.859,"WB","JAJ"
"1073",12,"A3",17,1037,344,1.87,"WB","JXD"
"1074",12,"B3",18,1169,344,1.89,"WB","EAP"
"1075",12,"C3",19,1259,344,1.88,"WB","EAP"
"1076",12,"D3",20,704,345,1.8821,"WB","EAP"
"1077",12,"E3",21,209,345,1.7318,"WB","JAJ"
"1078",12,"F3",22,1129,345,1.86,"WB","EAP"
"1079",12,"G3",23,295,346,1.82,"WB","JAJ"
"1080",12,"H3",24,785,346,1.88,"WB","JXD"
"1081",12,"A4",25,1850,346,1.87,"WB","EAP"
"1082",12,"B4",26,677,347,1.88,"WB","EAP"
"1083",12,"C4",27,925,347,1.943,"WB","JXD"
"1084",12,"D4",28,546,348,2.7255,"WB","EAP"
"1085",12,"E4",29,911,348,1.7846,"MW","JXD"
"1086",12,"F4",30,1192,348,1.87,"WB","EAP"
"1087",12,"G4",31,1668,349,1.9,"WB","EAP"
"1088",12,"H4",32,1593,350,1.87,"WB","EAP"
"1089",12,"A5",33,1890,350,1.87,"WB","EAP"
"1090",12,"B5",34,1756,350,1.84,"WB","EAP"
"1091",12,"C5",35,1468,350,1.87,"WB","EAP"
"1092",12,"D5",36,1781,351,1.84,"WB","EAP"
"1093",12,"E5",37,1119,352,1.85,"WB","EAP"
"1094",12,"F5",38,657,352,1.8686,"WB","EAP"
"1095",12,"G5",39,1442,354,1.88,"WB","EAP"
"1096",12,"H5",40,1844,354,1.88,"WB","EAP"
"1097",12,"A6",41,293,355,1.84,"WB","JAJ"
"1098",12,"B6",42,1841,356,1.87,"WB","EAP"
"1099",12,"C6",43,1641,356,1.83,"WB","EAP"
"1100",12,"D6",44,1603,357,1.88,"WB","EAP"
"1101",12,"E6",45,1739,357,1.87,"WB","EAP"
"1102",12,"F6",46,990,359,1.92,"WB","ALG"
"1103",12,"G6",47,751,359,1.849,"WB","JXD"
"1104",12,"H6",48,199,360,1.84,"WB","JAJ"
"1105",12,"A7",49,513,360,1.2757,"MW","JAJ"
"1106",12,"B7",50,257,361,1.7723,"MW","JAJ"
"1107",12,"C7",51,1895,362,1.87,"WB","EAP"
"1108",12,"D7",52,1734,362,1.89,"WB","EAP"
"1109",12,"E7",53,1532,363,1.88,"WB","EAP"
"1110",12,"F7",54,1883,366,1.9,"WB","EAP"
"1111",12,"G7",55,1525,366,1.88,"WB","EAP"
"1112",12,"H7",56,179,366,1.84,"WB","JAJ"
"1113",12,"A8",57,845,366,1.88,"WB","JXD"
"1114",12,"B8",58,1667,367,1.92,"WB","EAP"
"1115",12,"C8",59,1315,367,1.89,"WB","EAP"
"1116",12,"D8",60,1066,369,1.85,"WB","JXD"
"1117",12,"E8",61,433,369,1.8305,"WB","JAJ"
"1118",12,"F8",62,597,369,1.8567,"WB","JXD"
"1119",12,"G8",63,1139,370,1.84,"WB","EAP"
"1120",12,"H8",64,817,370,1.5488,"MW","JXD"
"1121",12,"A9",65,877,370,1.8463,"WB","JXD"
"1122",12,"B9",66,1373,370,1.86,"WB","EAP"
"1123",12,"C9",67,1299,371,1.89,"WB","EAP"
"1124",12,"D9",68,1331,371,1.89,"WB","EAP"
"1125",12,"E9",69,1199,371,1.9,"WB","EAP"
"1126",12,"F9",70,1905,371,1.84,"WB","EAP"
"1127",12,"G9",71,894,373,1.9187,"WB","JXD"
"1128",12,"H9",72,682,374,1.87,"WB","EAP"
"1129",12,"A10",73,1080,374,1.8416,"WB","JXD"
"1130",12,"B10",74,917,374,1.9166,"WB","JXD"
"1131",12,"C10",75,1524,375,1.88,"WB","EAP"
"1132",12,"D10",76,1503,375,1.88,"WB","EAP"
"1133",12,"E10",77,748,376,1.8779,"WB","JXD"
"1134",12,"F10",78,1963,377,1.89,"WB","EAP"
"1135",12,"G10",79,1663,378,1.87,"WB","EAP"
"1136",12,"H10",80,839,378,1.88,"WB","JXD"
"1137",12,"A11",81,1025,378,1.8196,"WB","JXD"
"1138",12,"B11",82,1968,380,1.87,"WB","EAP"
"1139",12,"C11",83,130,382,1.88,"WB","JAJ"
"1140",12,"D11",84,1444,383,1.88,"WB","EAP"
"1141",12,"E11",85,707,383,1.8922,"WB","EAP"
"1142",12,"F11",86,898,384,1.8927,"WB","JXD"
"1143",12,"G11",87,487,384,1.753,"WB","JAJ"
"1144",12,"H11",88,550,385,1.7281,"WB","EAP"
"1145",12,"A12",89,1424,386,1.89,"WB","EAP"
"1146",12,"B12",90,1550,386,1.89,"WB","EAP"
"1147",12,"C12",91,1454,386,1.88,"WB","EAP"
"1148",12,"D12",92,1634,386,1.86,"WB","EAP"
"1149",12,"E12",93,1728,388,1.9,"WB","EAP"
"1150",12,"F12",94,16,388,1.88,"WB","FJB"
"1151",12,"G12",95,1783,389,1.83,"WB","EAP"
"1152",12,"H12",96,1876,390,1.86,"WB","EAP"
"1153",13,"A1",1,219,390,1.4087,"MW","JAJ"
"1154",13,"B1",2,667,392,1.88,"WB","EAP"
"1155",13,"C1",3,1575,393,1.87,"WB","EAP"
"1156",13,"D1",4,1266,394,1.86,"WB","EAP"
"1157",13,"E1",5,93,395,1.9003,"WB","JAJ"
"1158",13,"F1",6,1625,395,1.85,"WB","EAP"
"1159",13,"G1",7,1650,396,1.87,"WB","EAP"
"1160",13,"H1",8,119,396,2.0639,"WB","JAJ"
"1161",13,"A2",9,525,396,1.0853,"MW","JAJ"
"1162",13,"B2",10,577,396,1.88,"WB","EAP"
"1163",13,"C2",11,1952,398,1.87,"WB","EAP"
"1164",13,"D2",12,873,398,1.8534,"WB","JXD"
"1165",13,"E2",13,68,399,1.8274,"WB","JAJ"
"1166",13,"F2",14,1957,400,1.88,"WB","EAP"
"1167",13,"G2",15,1944,400,1.88,"WB","EAP"
"1168",13,"H2",16,1337,400,1.88,"WB","EAP"
"1169",13,"A3",17,1111,402,1.84,"WB","JXD"
"1170",13,"B3",18,1184,402,1.83,"MW","EAP"
"1171",13,"C3",19,670,403,1.8657,"WB","EAP"
"1172",13,"D3",20,1064,403,1.86,"WB","JXD"
"1173",13,"E3",21,431,405,1.5567,"WB","JAJ"
"1174",13,"F3",22,1345,407,1.87,"WB","EAP"
"1175",13,"G3",23,118,408,1.8586,"WB","JAJ"
"1176",13,"H3",24,1257,409,1.9,"WB","EAP"
"1177",13,"A4",25,1081,409,1.8379,"WB","JXD"
"1178",13,"B4",26,1136,409,1.85,"WB","EAP"
"1179",13,"C4",27,572,411,1.87,"WB","JXD"
"1180",13,"D4",28,1023,412,1.8094,"WB","JXD"
"1181",13,"E4",29,1925,413,1.86,"WB","EAP"
"1182",13,"F4",30,878,414,1.8489,"WB","JXD"
"1183",13,"G4",31,565,415,1.6677,"MW","EAP"
"1184",13,"H4",32,746,415,1.8705,"WB","JXD"
"1185",13,"A5",33,381,417,1.2499,"WB","JAJ"
"1186",13,"B5",34,1132,419,1.85,"WB","EAP"
"1187",13,"C5",35,1465,421,1.85,"WB","EAP"
"1188",13,"D5",36,1324,422,1.88,"WB","EAP"
"1189",13,"E5",37,1585,423,1.87,"WB","EAP"
"1190",13,"F5",38,94,423,1.7945,"WB","JAJ"
"1191",13,"G5",39,1715,423,1.88,"WB","EAP"
"1192",13,"H5",40,992,424,1.9,"WB","ALG"
"1193",13,"A6",41,1736,424,1.86,"WB","EAP"
"1194",13,"B6",42,1808,425,1.87,"WB","EAP"
"1195",13,"C6",43,1206,427,1.89,"WB","EAP"
"1196",13,"D6",44,564,427,1.6184,"WB","JXD"
"1197",13,"E6",45,1128,427,1.84,"WB","EAP"
"1198",13,"F6",46,1476,427,1.87,"WB","EAP"
"1199",13,"G6",47,1755,428,1.83,"WB","EAP"
"1200",13,"H6",48,0,NA,NA,NA,NA
"1201",13,"A7",49,680,428,1.8663,"WB","EAP"
"1202",13,"B7",50,1491,428,1.89,"WB","EAP"
"1203",13,"C7",51,622,429,1.8562,"WB","JXD"
"1204",13,"D7",52,1810,429,1.83,"WB","EAP"
"1205",13,"E7",53,374,429,1.6956,"MW","JAJ"
"1206",13,"F7",54,83,429,1.87,"WB","JAJ"
"1207",13,"G7",55,1346,430,1.88,"WB","EAP"
"1208",13,"H7",56,1121,430,1.85,"WB","EAP"
"1209",13,"A8",57,1960,431,1.88,"WB","EAP"
"1210",13,"B8",58,1181,432,1.86,"WB","EAP"
"1211",13,"C8",59,1228,432,1.88,"WB","EAP"
"1212",13,"D8",60,55,432,1.88,"WB","JXD"
"1213",13,"E8",61,783,433,1.87,"WB","JXD"
"1214",13,"F8",62,1691,433,1.89,"WB","EAP"
"1215",13,"G8",63,900,435,1.9009,"WB","JXD"
"1216",13,"H8",64,633,436,1.8682,"WB","JXD"
"1217",13,"A9",65,811,437,1.8769,"WB","JXD"
"1218",13,"B9",66,99,438,1.86,"WB","JAJ"
"1219",13,"C9",67,1188,439,1.88,"WB","EAP"
"1220",13,"D9",68,1744,439,1.83,"WB","EAP"
"1221",13,"E9",69,791,441,1.8821,"WB","JXD"
"1222",13,"F9",70,1882,441,1.85,"WB","EAP"
"1223",13,"G9",71,1896,441,1.87,"WB","EAP"
"1224",13,"H9",72,1348,443,1.87,"WB","EAP"
"1225",13,"A10",73,789,445,1.8708,"WB","JXD"
"1226",13,"B10",74,341,447,1.84,"WB","JAJ"
"1227",13,"C10",75,19,447,1.8323,"WB","FJB"
"1228",13,"D10",76,4,447,1.8604,"WB","JXD"
"1229",13,"E10",77,765,448,1.8689,"WB","JXD"
"1230",13,"F10",78,1048,448,1.8682,"WB","JXD"
"1231",13,"G10",79,1046,450,1.8134,"WB","JXD"
"1232",13,"H10",80,1210,451,1.87,"WB","EAP"
"1233",13,"A11",81,1415,452,1.86,"WB","EAP"
"1234",13,"B11",82,1604,453,1.86,"WB","EAP"
"1235",13,"C11",83,862,454,1.855,"WB","JXD"
"1236",13,"D11",84,58,454,1.87,"WB","JD"
"1237",13,"E11",85,31,455,1.85,"WB","JXD"
"1238",13,"F11",86,659,455,1.86,"WB","EAP"
"1239",13,"G11",87,98,455,1.54,"WB","JAJ"
"1240",13,"H11",88,1242,455,1.86,"WB","EAP"
"1241",13,"A12",89,1534,458,1.86,"WB","EAP"
"1242",13,"B12",90,1686,459,1.86,"WB","EAP"
"1243",13,"C12",91,1761,459,1.86,"WB","EAP"
"1244",13,"D12",92,1807,460,1.86,"WB","EAP"
"1245",13,"E12",93,1455,460,1.77,"WB","EAP"
"1246",13,"F12",94,1030,460,1.8645,"WB","JXD"
"1247",13,"G12",95,678,461,1.86,"WB","EAP"
"1248",13,"H12",96,1186,462,1.88,"WB","EAP"
"1249",14,"A1",1,1049,462,1.8685,"WB","JXD"
"1250",14,"B1",2,1779,463,1.81,"WB","EAP"
"1251",14,"C1",3,1891,464,1.87,"WB","EAP"
"1252",14,"D1",4,1244,464,1.85,"WB","EAP"
"1253",14,"E1",5,1803,467,1.86,"WB","EAP"
"1254",14,"F1",6,1131,467,1.85,"WB","EAP"
"1255",14,"G1",7,1342,469,1.88,"WB","EAP"
"1256",14,"H1",8,122,470,2.208,"WB","JAJ"
"1257",14,"A2",9,1822,470,1.86,"WB","EAP"
"1258",14,"B2",10,1967,471,1.88,"WB","EAP"
"1259",14,"C2",11,1114,471,1.85,"WB","EAP"
"1260",14,"D2",12,1894,471,1.88,"WB","EAP"
"1261",14,"E2",13,101,472,1.86,"WB","JAJ"
"1262",14,"F2",14,592,476,1.7714,"MW","EAP"
"1263",14,"G2",15,1005,476,1.89,"WB","JXD"
"1264",14,"H2",16,1467,478,1.85,"WB","EAP"
"1265",14,"A3",17,1980,481,1.88,"WB","EAP"
"1266",14,"B3",18,1457,483,1.88,"WB","EAP"
"1267",14,"C3",19,1730,484,1.89,"WB","EAP"
"1268",14,"D3",20,1078,485,1.8363,"WB","JXD"
"1269",14,"E3",21,1731,486,1.89,"WB","EAP"
"1270",14,"F3",22,1253,486,1.9,"WB","EAP"
"1271",14,"G3",23,437,490,1.5729,"WB","JAJ"
"1272",14,"H3",24,0,NA,NA,NA,NA
"1273",14,"A4",25,1256,493,1.88,"WB","EAP"
"1274",14,"B4",26,1178,493,1.86,"WB","EAP"
"1275",14,"C4",27,1248,494,1.85,"WB","EAP"
"1276",14,"D4",28,1334,497,1.87,"WB","EAP"
"1277",14,"E4",29,1211,497,1.86,"WB","EAP"
"1278",14,"F4",30,216,498,1.5638,"MW","JAJ"
"1279",14,"G4",31,1255,499,1.89,"WB","EAP"
"1280",14,"H4",32,1964,500,1.88,"WB","EAP"
"1281",14,"A5",33,1620,502,1.85,"WB","EAP"
"1282",14,"B5",34,1050,502,1.86,"WB","JXD"
"1283",14,"C5",35,9,506,1.86,"WB","FJB"
"1284",14,"D5",36,452,507,1.9131,"WB","JAJ"
"1285",14,"E5",37,1284,508,1.88,"WB","EAP"
"1286",14,"F5",38,1125,510,1.85,"WB","EAP"
"1287",14,"G5",39,555,511,1.86,"WB","EAP"
"1288",14,"H5",40,1664,514,1.86,"WB","EAP"
"1289",14,"A6",41,65,515,1.8472,"WB","JAJ"
"1290",14,"B6",42,1537,516,1.87,"WB","EAP"
"1291",14,"C6",43,15,517,1.86,"WB","FJB"
"1292",14,"D6",44,1958,517,1.88,"WB","EAP"
"1293",14,"E6",45,1251,519,1.9,"WB","EAP"
"1294",14,"F6",46,1341,523,1.87,"WB","EAP"
"1295",14,"G6",47,1892,523,1.86,"WB","EAP"
"1296",14,"H6",48,1902,524,1.87,"WB","EAP"
"1297",14,"A7",49,192,525,1.7317,"WB","JAJ"
"1298",14,"B7",50,1273,526,1.89,"WB","EAP"
"1299",14,"C7",51,1597,529,1.85,"WB","EAP"
"1300",14,"D7",52,1212,529,1.87,"WB","EAP"
"1301",14,"E7",53,113,529,1.86,"WB","JAJ"
"1302",14,"F7",54,1202,530,1.86,"WB","EAP"
"1303",14,"G7",55,1288,531,1.87,"WB","EAP"
"1304",14,"H7",56,929,531,1.8992,"WB","JXD"
"1305",14,"A8",57,506,533,1.5341,"WB","JAJ"
"1306",14,"B8",58,72,534,1.86,"WB","JAJ"
"1307",14,"C8",59,1191,534,1.84,"WB","EAP"
"1308",14,"D8",60,1561,539,1.88,"WB","EAP"
"1309",14,"E8",61,370,539,1.7741,"WB","JAJ"
"1310",14,"F8",62,1830,541,1.86,"WB","EAP"
"1311",14,"G8",63,1173,544,1.6,"MW","EAP"
"1312",14,"H8",64,1458,547,1.88,"WB","EAP"
"1313",14,"A9",65,629,550,1.87,"WB","JXD"
"1314",14,"B9",66,675,550,1.88,"WB","EAP"
"1315",14,"C9",67,842,553,1.88,"WB","JXD"
"1316",14,"D9",68,695,555,1.85,"WB","EAP"
"1317",14,"E9",69,10,556,1.85,"WB","FJB"
"1318",14,"F9",70,40,558,1.87,"WB","JXD"
"1319",14,"G9",71,34,562,1.7807,"WB","JXD"
"1320",14,"H9",72,1134,565,1.85,"WB","EAP"
"1321",14,"A10",73,12,567,1.882,"WB","FJB"
"1322",14,"B10",74,248,568,1.8509,"WB","JAJ"
"1323",14,"C10",75,628,570,1.87,"WB","JXD"
"1324",14,"D10",76,1067,571,1.84,"WB","JXD"
"1325",14,"E10",77,1573,572,1.85,"WB","EAP"
"1326",14,"F10",78,1801,572,1.85,"WB","EAP"
"1327",14,"G10",79,117,573,1.2116,"WB","JAJ"
"1328",14,"H10",80,855,573,1.8778,"WB","JXD"
"1329",14,"A11",81,1101,573,1.85,"WB","JXD"
"1330",14,"B11",82,61,574,1.8276,"WB","JD"
"1331",14,"C11",83,1205,576,1.87,"WB","EAP"
"1332",14,"D11",84,1608,576,1.85,"WB","EAP"
"1333",14,"E11",85,644,578,1.86,"WB","JXD"
"1334",14,"F11",86,24,590,1.8145,"WB","JXD"
"1335",14,"G11",87,28,604,1.809,"WB","JXD"
"1336",14,"H11",88,543,604,1.9118,"WB","EAP"
"1337",14,"A12",89,624,614,1.8877,"WB","JXD"
"1338",14,"B12",90,464,616,1.6448,"WB","JAJ"
"1339",14,"C12",91,361,628,1.7821,"WB","JAJ"
"1340",14,"D12",92,1582,630,1.88,"WB","EAP"
"1341",14,"E12",93,447,630,1.1857,"WB","JAJ"
"1342",14,"F12",94,809,637,1.87,"WB","JXD"
"1343",14,"G12",95,1572,637,1.9,"WB","EAP"
"1344",14,"H12",96,22,639,1.8096,"WB","JXD"
"1345",15,"A1",1,79,639,1.85,"WB","JAJ"
"1346",15,"B1",2,1033,643,1.8845,"WB","JXD"
"1347",15,"C1",3,261,644,1.8816,"WB","JAJ"
"1348",15,"D1",4,1032,647,1.8784,"WB","JXD"
"1349",15,"E1",5,1040,649,1.8814,"WB","JXD"
"1350",15,"F1",6,593,652,1.7328,"MW","EAP"
"1351",15,"G1",7,1738,653,1.88,"WB","EAP"
"1352",15,"H1",8,1688,655,1.92,"WB","EAP"
"1353",15,"A2",9,1354,656,1.76,"WB","EAP"
"1354",15,"B2",10,937,659,1.88,"WB","JXD"
"1355",15,"C2",11,36,662,1.8172,"WB","JXD"
"1356",15,"D2",12,854,663,1.8819,"WB","JXD"
"1357",15,"E2",13,500,664,1.9889,"WB","JAJ"
"1358",15,"F2",14,1090,664,1.85,"WB","JXD"
"1359",15,"G2",15,784,666,1.86,"WB","JXD"
"1360",15,"H2",16,7,666,1.8383,"WB","FJB"
"1361",15,"A3",17,1387,667,1.85,"WB","EAP"
"1362",15,"B3",18,632,671,1.8911,"WB","JXD"
"1363",15,"C3",19,1238,672,1.92,"WB","EAP"
"1364",15,"D3",20,1230,674,1.55,"MW","EAP"
"1365",15,"E3",21,46,676,1.7781,"WB","JXD"
"1366",15,"F3",22,250,679,1.389,"MW","JAJ"
"1367",15,"G3",23,848,687,1.8845,"WB","JXD"
"1368",15,"H3",24,475,688,1.4019,"WB","JAJ"
"1369",15,"A4",25,27,691,1.8264,"WB","JXD"
"1370",15,"B4",26,383,693,1.2329,"WB","JAJ"
"1371",15,"C4",27,1235,696,1.91,"WB","EAP"
"1372",15,"D4",28,315,696,1.9223,"WB","JAJ"
"1373",15,"E4",29,195,702,1.86,"WB","JAJ"
"1374",15,"F4",30,14,703,1.88,"WB","FJB"
"1375",15,"G4",31,1389,706,1.85,"WB","EAP"
"1376",15,"H4",32,626,722,1.89,"WB","JXD"
"1377",15,"A5",33,493,724,1.5477,"WB","JAJ"
"1378",15,"B5",34,1197,728,1.88,"WB","EAP"
"1379",15,"C5",35,838,729,1.87,"WB","JXD"
"1380",15,"D5",36,462,732,1.6149,"WB","JAJ"
"1381",15,"E5",37,1200,733,1.89,"WB","EAP"
"1382",15,"F5",38,57,734,1.89,"WB","JXD"
"1383",15,"G5",39,646,734,1.9,"WB","JXD"
"1384",15,"H5",40,604,739,1.8902,"WB","JXD"
"1385",15,"A6",41,444,744,1.89,"WB","JAJ"
"1386",15,"B6",42,795,744,1.9035,"WB","JXD"
"1387",15,"C6",43,685,752,1.88,"WB","EAP"
"1388",15,"D6",44,1412,754,1.85,"WB","EAP"
"1389",15,"E6",45,451,759,1.6487,"WB","JAJ"
"1390",15,"F6",46,1135,785,1.84,"WB","EAP"
"1391",15,"G6",47,574,812,1.89,"WB","EAP"
"1392",15,"H6",48,1115,813,1.87,"WB","EAP"
"1393",15,"A7",49,164,820,1.86,"WB","JAJ"
"1394",15,"B7",50,509,823,1.5817,"WB","JAJ"
"1395",15,"C7",51,1611,828,1.89,"WB","EAP"
"1396",15,"D7",52,25,830,1.84,"WB","JXD"
"1397",15,"E7",53,436,833,1.5016,"WB","JAJ"
"1398",15,"F7",54,128,835,1.88,"WB","JAJ"
"1399",15,"G7",55,1382,837,1.85,"WB","EAP"
"1400",15,"H7",56,1355,837,1.86,"WB","EAP"
"1401",15,"A8",57,1463,845,1.9,"WB","EAP"
"1402",15,"B8",58,124,851,1.7592,"WB","JAJ"
"1403",15,"C8",59,705,854,1.8761,"WB","EAP"
"1404",15,"D8",60,449,862,1.4657,"WB","JAJ"
"1405",15,"E8",61,1226,876,1.86,"WB","EAP"
"1406",15,"F8",62,1782,876,1.88,"WB","EAP"
"1407",15,"G8",63,174,885,1.2453,"WB","JAJ"
"1408",15,"H8",64,1416,888,1.85,"WB","EAP"
"1409",15,"A9",65,70,913,1.86,"WB","JAJ"
"1410",15,"B9",66,477,954,1.6061,"WB","JAJ"
"1411",15,"C9",67,1817,963,1.9,"WB","EAP"
"1412",15,"D9",68,363,986,1.6559,"WB","JAJ"
"1413",15,"E9",69,1,1017,1.89,"WB","JXD"
"1414",15,"F9",70,557,1022,1.88,"WB","EAP"
"1415",15,"G9",71,1053,1031,1.87,"WB","JXD"
"1416",15,"H9",72,490,1088,1.9007,"WB","JAJ"
"1417",15,"A10",73,1564,1092,1.91,"WB","EAP"
"1418",15,"B10",74,136,1100,1.6389,"WB","JAJ"
"1419",15,"C10",75,115,1120,1.4971,"WB","JAJ"
"1420",15,"D10",76,1052,1130,1.87,"WB","JXD"
"1421",15,"E10",77,702,1175,1.9,"WB","EAP"
"1422",15,"F10",78,368,1214,1.9539,"WB","JAJ"
"1423",15,"G10",79,1950,1229,1.89,"WB","EAP"
"1424",15,"H10",80,737,1295,1.8853,"WB","JXD"
"1425",15,"A11",81,1390,1306,1.86,"WB","EAP"
"1426",15,"B11",82,687,1308,1.8588,"WB","EAP"
"1427",15,"C11",83,908,1349,1.8948,"WB","JXD"
"1428",15,"D11",84,488,1351,1.6673,"WB","JAJ"
"1429",15,"E11",85,552,1360,1.8107,"WB","EAP"
"1430",15,"F11",86,140,1442,1.9108,"BUC","JAJ"
"1431",15,"G11",87,6,1621,1.8196,"WB","FJB"
"1432",15,"H11",88,0,NA,NA,NA,NA
"1433",15,"A12",89,43,1829,1.655,"WB","JXD"
"1434",15,"B12",90,688,2303,1.8661,"WB","EAP"
"1435",15,"C12",91,818,2942,1.83,"WB","JXD"
